index,rank,added_at,title,artist,isrc,velocity,cm_id,time_on_chart,release_dates,cm_artist_id,before,after,listener_diff,percent increase,IG_f15,IG_f21,TW_f15,TW_f21,Tiktok_f15,Tiktok_f21,Tiktok Status
0,1,2021-01-21,Shower,Becky G,USRC11400866,3.14285714285714,15676244.0,64,"['2014-10-17T00:00:00.000Z', '2014-09-26T00:00:00.000Z', '2014-04-23T00:00:00.000Z', '2014-08-22T00:00:00.000Z', '2015-01-26T00:00:00.000Z', '2015-02-27T00:00:00.000Z', '2016-05-20T00:00:00.000Z', '2020-10-16T00:00:00.000Z']",4236,20283280.0,19992699.0,-290581.0,-1.432613462911324,25525546.0,25528130.0,3115739.0,3121029.0,6100000.0,6100000.0,Has Tiktok
1,2,2021-01-21,Buss It,Erica Banks,USUYG1312999,0.28571428571428603,29555553.0,24,"['2020-05-15T00:00:00.000Z', '2020-05-15T00:00:00.000Z']",1443482,1256798.0,2128992.0,872194.0,69.39810534389774,209532.0,241416.0,25781.0,26522.0,27600.0,55300.0,Has Tiktok
2,3,2021-01-21,Aesthetic,Xilo,QZFZ22071847,0.0,28796568.0,215,['2020-02-14T00:00:00.000Z'],3377623,66938.0,80330.0,13392.0,20.00657324688518,,,,,,,No Tiktok
3,4,2021-01-21,Drugs (feat. Two Feet),UPSAHL,USQX91803133,19.1428571428571,22290224.0,55,"['2019-01-18T00:00:00.000Z', '2019-03-08T00:00:00.000Z']",521020,3223708.0,3388571.0,164863.0,5.114079811198781,91874.0,92955.0,7447.0,7609.0,488900.0,510400.0,Has Tiktok
4,5,2021-01-21,Oh No,Kreepa,USUYG1287925,0.28571428571428603,29425832.0,79,['2019-12-13T00:00:00.000Z'],437999,1452759.0,1482020.0,29261.0,2.014167525377575,,,,,,,No Tiktok
5,6,2021-01-21,Mds,Kaw√™ Santos,QZHZ32082915,0.7142857142857142,29519133.0,16,['2020-05-19T00:00:00.000Z'],1088461,2375995.0,3051631.0,675636.0,28.435918425754263,778753.0,807797.0,1685.0,1732.0,,,No Tiktok
6,7,2021-01-21,COPINES,Nicole Flores,FRZ041800793,-0.14285714285714302,20438195.0,17,"['2018-08-24T00:00:00.000Z', '2018-09-24T00:00:00.000Z', '2018-11-02T00:00:00.000Z', '2018-11-02T00:00:00.000Z', '2019-10-25T00:00:00.000Z', '2019-05-24T00:00:00.000Z', '2019-10-25T00:00:00.000Z', '2019-10-25T00:00:00.000Z']",480386,12872109.0,12985344.0,113235.0,0.8796926750697962,2704208.0,2711238.0,1037000.0,1042067.0,1200000.0,1200000.0,Has Tiktok
7,8,2021-01-21,Adderall (Corvette Corvette),Popp Hunna,USA2P2036916,0.0,31753663.0,64,"['2020-10-15T00:00:00.000Z', '2020-10-14T00:00:00.000Z']",3436485,6455674.0,6752950.0,297276.0,4.6048793665851155,168952.0,172558.0,226.0,232.0,374600.0,386000.0,Has Tiktok
8,9,2021-01-21,F Boy,Ander Huang & DJ Kuromi,QZHNC2078374,0.14285714285714302,31595311.0,83,"['2020-08-22T00:00:00.000Z', '2020-12-02T00:00:00.000Z']",3581033,37976.0,44630.0,6654.0,17.521592584790394,,,,,,,No Tiktok
9,10,2021-01-21,Do Dat (Tik Tok Resume),Semme,QZHNA2090657,-1.28571428571429,31931701.0,30,['2020-07-08T00:00:00.000Z'],3296976,17945.0,28104.0,10159.0,56.61186960156033,,,,,,,No Tiktok
10,11,2021-01-21,Cristal & –ú–û–Å–¢,Morgenshtern,DGA062038289,-0.857142857142857,32427262.0,15,['2020-12-28T00:00:00.000Z'],1003897,2171856.0,2199480.0,27624.0,1.2719075297809799,6197168.0,6219232.0,,,,,No Tiktok
11,12,2021-01-21,–≠–π—è,–ö–∞–Ω–≥–∏,QMFME2084797,-0.42857142857142894,32319870.0,15,['2020-12-18T00:00:00.000Z'],3587784,326216.0,394565.0,68349.0,20.95206856806533,68502.0,69551.0,,,97800.0,115600.0,Has Tiktok
12,13,2021-01-21,Steven Universe,L.Dre,QZFZ32084911,-1.57142857142857,28637630.0,213,['2020-02-21T00:00:00.000Z'],751357,776834.0,881324.0,104490.0,13.450750095902084,93404.0,93496.0,11474.0,11500.0,508400.0,516900.0,Has Tiktok
13,14,2021-01-21,Me Too,Kevin Gates,USAT21811065,0.0,20586757.0,49,"['2018-09-20T00:00:00.000Z', '2018-09-28T00:00:00.000Z', '2018-09-20T00:00:00.000Z', '2019-05-17T00:00:00.000Z']",3342,4954253.0,5078293.0,124040.0,2.503707420674721,,,1645655.0,1646235.0,811000.0,818000.0,Has Tiktok
14,15,2021-01-21,Ampun Bang Jago,Tian Storm & Ever Slkr,IDA632000700,-0.42857142857142894,31809521.0,30,['2020-09-12T00:00:00.000Z'],4015440,138587.0,139780.0,1193.0,0.86083110248436,,,,,,,No Tiktok
15,16,2021-01-21,I'm Legit,Nicki Minaj,USCM51200745,1.85714285714286,15193950.0,34,"['2012-11-19T00:00:00.000Z', '2012-11-19T00:00:00.000Z']",3442,40896969.0,40829989.0,-66980.0,-0.1637774183216365,127304582.0,127943242.0,21950790.0,21990059.0,6000000.0,6000000.0,Has Tiktok
16,17,2021-01-21,Paparazzi,Kim Dracula,QZNWY2036332,1.14285714285714,32313666.0,31,['2020-12-11T00:00:00.000Z'],3972008,1214898.0,1826618.0,611720.0,50.35155214676459,148909.0,160864.0,2650.0,3210.0,2800000.0,2900000.0,Has Tiktok
17,18,2021-01-21,Xerecard,Jeff Costa & Mc Danny,QZEQU2076765,8.85714285714286,32120896.0,15,['2020-10-18T00:00:00.000Z'],3383295,259677.0,535199.0,275522.0,106.10181109609245,,,,,,,No Tiktok
18,19,2021-01-21,Bamboleo,Gipsy Kings,USN018884501,2.71428571428571,15566572.0,10,"['2017-03-15T00:00:00.000Z', '2016-12-09T00:00:00.000Z', '2016-12-09T00:00:00.000Z', '2016-12-09T00:00:00.000Z', '1988-11-08T00:00:00.000Z', '2000-09-05T00:00:00.000Z', '2020-06-26T00:00:00.000Z']",394,2400781.0,2465642.0,64861.0,2.7016625006612434,418.0,425.0,873.0,874.0,,,No Tiktok
19,20,2021-01-21,Lofi,Domknowz,QZFZ42089472,-0.42857142857142894,28931601.0,172,['2020-02-28T00:00:00.000Z'],3582396,22132.0,25038.0,2906.0,13.130309054762336,,,,,,,No Tiktok
20,21,2021-01-21,–í–µ–Ω–µ—Ä–∞-–Æ–ø–∏—Ç–µ—Ä,–í–∞–Ω—è –î–º–∏—Ç—Ä–∏–µ–Ω–∫–æ,RUACR2000286,9.85714285714286,32465113.0,15,['2021-01-01T00:00:00.000Z'],3993867,75711.0,110334.0,34623.0,45.73047509608907,,,,,,,No Tiktok
21,22,2021-01-21,Rumors,Jake Miller,USWB11507655,,16028999.0,2,"['2015-07-08T00:00:00.000Z', '2020-02-21T00:00:00.000Z', '2020-03-13T00:00:00.000Z', '2020-03-21T00:00:00.000Z', '2020-03-22T00:00:00.000Z', '2020-03-22T00:00:00.000Z', '2020-03-22T00:00:00.000Z', '2020-03-23T00:00:00.000Z', '2020-04-14T00:00:00.000Z', '2020-06-26T00:00:00.000Z', '2020-07-24T00:00:00.000Z', '2020-08-06T00:00:00.000Z', '2020-08-21T00:00:00.000Z', '2020-11-06T00:00:00.000Z', '2020-11-07T00:00:00.000Z', '2020-11-20T00:00:00.000Z', '2020-11-07T00:00:00.000Z', '2020-12-11T00:00:00.000Z', '2020-12-11T00:00:00.000Z', '2020-12-18T00:00:00.000Z', '2020-12-19T00:00:00.000Z', '2020-12-19T00:00:00.000Z', '2020-12-19T00:00:00.000Z', '2020-12-19T00:00:00.000Z', '2020-12-26T00:00:00.000Z', '2020-12-28T00:00:00.000Z', '2021-01-01T00:00:00.000Z', '2021-01-01T00:00:00.000Z', '2021-01-01T00:00:00.000Z', '2021-01-08T00:00:00.000Z']",4521,860652.0,872917.0,12265.0,1.425082379405381,918176.0,916933.0,531059.0,530814.0,795800.0,795500.0,Has Tiktok
22,23,2021-01-21,Bandook,Nirvair Pannu,FR96X2024977,-0.5714285714285711,29644559.0,192,['2020-05-30T00:00:00.000Z'],1692046,613348.0,611484.0,-1864.0,-0.3039057761662221,,,,,,,No Tiktok
23,24,2021-01-21,pota pota by HERA,hera,FRZ041800793,-1.14285714285714,20438195.0,37,"['2018-08-24T00:00:00.000Z', '2018-09-24T00:00:00.000Z', '2018-11-02T00:00:00.000Z', '2018-11-02T00:00:00.000Z', '2019-10-25T00:00:00.000Z', '2019-05-24T00:00:00.000Z', '2019-10-25T00:00:00.000Z', '2019-10-25T00:00:00.000Z']",480386,12872109.0,12985344.0,113235.0,0.8796926750697962,2704208.0,2711238.0,1037000.0,1042067.0,1200000.0,1200000.0,Has Tiktok
24,25,2021-01-21,Monkeys Spinning Monkeys,Kevin MacLeod,USUAN1400011,7.571428571428571,17158836.0,219,"['2014-12-30T00:00:00.000Z', '2019-10-10T00:00:00.000Z']",333690,246537.0,247897.0,1360.0,0.5516413357832699,,,18272.0,18284.0,,,No Tiktok
25,26,2021-01-21,Pipipi Calon Mantu (Remix),DJ Opus,FRX872053520,1.28571428571429,31742974.0,34,['2020-09-22T00:00:00.000Z'],1374602,325653.0,322037.0,-3616.0,-1.1103843661811805,,,,,,,No Tiktok
26,27,2021-01-21,original sound,üòáLarryüòá,ART0G2004825,,32528776.0,2,['2021-01-08T00:00:00.000Z'],1453446,4365459.0,4656775.0,291316.0,6.67320435262363,17820.0,17918.0,412.0,413.0,,,No Tiktok
27,28,2021-01-21,Mhm Mhm,Cdot Honcho,QZMHM2098517,12.5714285714286,31626196.0,15,['2020-10-09T00:00:00.000Z'],661520,93224.0,111051.0,17827.0,19.122758088045995,320601.0,322717.0,41040.0,41050.0,,,No Tiktok
28,29,2021-01-21,Bad boy,Marwa Loud,FR7IX1800130,0.5714285714285711,18723926.0,34,"['2018-03-09T00:00:00.000Z', '2018-03-09T00:00:00.000Z']",387692,2344983.0,2580270.0,235287.0,10.033633506085119,1056945.0,1057711.0,9605.0,9607.0,1100000.0,1200000.0,Has Tiktok
29,31,2021-01-21,LSD,Tisakorean,QM24S1922802,-1.85714285714286,25238830.0,31,['2019-07-31T00:00:00.000Z'],1111162,303236.0,307956.0,4720.0,1.5565434183276392,,,40817.0,40880.0,,,No Tiktok
30,32,2021-01-21,COPINES SLOWED FULL VERSION,R O S E,FRZ041800793,-0.857142857142857,20438195.0,16,"['2018-08-24T00:00:00.000Z', '2018-09-24T00:00:00.000Z', '2018-11-02T00:00:00.000Z', '2018-11-02T00:00:00.000Z', '2019-10-25T00:00:00.000Z', '2019-05-24T00:00:00.000Z', '2019-10-25T00:00:00.000Z', '2019-10-25T00:00:00.000Z']",480386,12872109.0,12985344.0,113235.0,0.8796926750697962,2704208.0,2711238.0,1037000.0,1042067.0,1200000.0,1200000.0,Has Tiktok
31,33,2021-01-21,‡∏â‡∏±‡∏ô‡∏≠‡πâ‡∏ß‡∏ô,TimeTime,FR26V2026648,38.5714285714286,32001188.0,45,['2020-11-09T00:00:00.000Z'],4106514,,,,,,,,,,,No Tiktok
32,34,2021-01-21,Vazge√ßtim ƒ∞nan,ƒ∞rem Derici,TR0012000441,20.1428571428571,32450849.0,13,['2021-01-01T00:00:00.000Z'],469850,880974.0,907018.0,26044.0,2.956273397398788,7078541.0,7089861.0,809106.0,809198.0,663500.0,671200.0,Has Tiktok
33,35,2021-01-21,Whoopty,Real CJ,USA2P2031043,-0.7142857142857142,31140457.0,79,"['2020-08-20T00:00:00.000Z', '2020-11-06T00:00:00.000Z']",826529,16131290.0,16913912.0,782622.0,4.8515772762128755,260184.0,294344.0,1196.0,1217.0,,,No Tiktok
34,36,2021-01-21,L-Gante Rkt,Papu DJ & L-Gante,USLZJ2043719,6.857142857142861,31604648.0,30,['2020-10-06T00:00:00.000Z'],741543,2072414.0,2372098.0,299684.0,14.460624180303741,8745.0,17661.0,,,,,No Tiktok
35,37,2021-01-21,Click Clack Bum,Kant & NOG & Spinardi,QZNJW2002860,-1.42857142857143,31825480.0,15,['2020-10-30T00:00:00.000Z'],835566,1054599.0,1085616.0,31017.0,2.941117903582309,1609332.0,1645157.0,1048.0,1047.0,,,No Tiktok
36,38,2021-01-21,Blood // Water,grandson,TCADI1720999,16.428571428571402,17459643.0,132,"['2017-10-27T00:00:00.000Z', '2018-05-04T00:00:00.000Z', '2018-06-15T00:00:00.000Z', '2019-12-20T00:00:00.000Z', '2019-12-20T00:00:00.000Z', '2020-03-20T00:00:00.000Z', '2020-08-13T00:00:00.000Z', '2020-12-18T00:00:00.000Z']",215304,6241020.0,6284910.0,43890.0,0.7032504302181374,234078.0,234239.0,68848.0,69181.0,587800.0,588000.0,Has Tiktok
37,39,2021-01-21,Best Ever,Polo Frost,QM33K1600047,879.8571428571429,13770151.0,8,['2016-11-18T00:00:00.000Z'],215565,9952.0,20348.0,10396.0,104.46141479099677,18213.0,18260.0,1811.0,1814.0,,,No Tiktok
38,40,2021-01-21,drivers license,Olivia Rodrigo,USUG12004749,,32507149.0,3,['2021-01-08T00:00:00.000Z'],260477,7210797.0,17935660.0,10724863.0,148.7333924391437,4157696.0,4994136.0,395075.0,473484.0,3400000.0,4100000.0,Has Tiktok
39,41,2021-01-21,Time of Our Lives,Pitbull,USRC11402647,-0.14285714285714302,15676785.0,36,"['2014-11-21T00:00:00.000Z', '2015-06-02T00:00:00.000Z', '2015-06-22T00:00:00.000Z', '2014-11-17T00:00:00.000Z']",1896,22230419.0,22649975.0,419556.0,1.887305857797822,8216109.0,8227043.0,25537660.0,25536399.0,951600.0,955700.0,Has Tiktok
40,42,2021-01-21,Apaga la Luz (feat. Ovy On The Drums),Kimberly Loaiza ‚ú®,CA5KR2120229,-1.57142857142857,32328406.0,30,['2020-12-18T00:00:00.000Z'],1622926,1385940.0,1380763.0,-5177.0,-0.37353709395789136,25129021.0,25229018.0,5675692.0,5699101.0,34300000.0,34800000.0,Has Tiktok
41,43,2021-01-21,Monster,LUM!X & Gabry Ponte,ITV951900009,,22858728.0,253,"['2019-04-19T00:00:00.000Z', '2019-04-19T00:00:00.000Z', '2019-04-19T00:00:00.000Z', '2020-04-01T00:00:00.000Z']",787669,5147913.0,5158267.0,10354.0,0.20113005017761568,10145.0,10210.0,53.0,53.0,,,No Tiktok
42,44,2021-01-21,Snowman,Sia,USAT21704212,-1.42857142857143,17652389.0,84,"['2018-11-01T00:00:00.000Z', '2017-11-09T00:00:00.000Z', '2017-11-17T00:00:00.000Z', '2017-11-17T00:00:00.000Z', '2019-10-04T00:00:00.000Z', '2019-10-11T00:00:00.000Z', '2019-11-01T00:00:00.000Z', '2019-10-11T00:00:00.000Z', '2019-10-11T00:00:00.000Z', '2019-10-11T00:00:00.000Z', '2019-10-04T00:00:00.000Z', '2019-09-27T00:00:00.000Z', '2019-09-27T00:00:00.000Z', '2019-09-27T00:00:00.000Z', '2019-09-27T00:00:00.000Z', '2019-09-27T00:00:00.000Z', '2019-10-11T00:00:00.000Z', '2020-09-21T00:00:00.000Z', '2020-09-21T00:00:00.000Z', '2020-10-02T00:00:00.000Z', '2020-10-02T00:00:00.000Z', '2020-10-02T00:00:00.000Z', '2020-10-02T00:00:00.000Z', '2020-10-02T00:00:00.000Z', '2020-10-02T00:00:00.000Z', '2020-10-02T00:00:00.000Z', '2020-10-02T00:00:00.000Z', '2020-10-09T00:00:00.000Z', '2020-10-09T00:00:00.000Z', '2020-10-09T00:00:00.000Z', '2020-10-16T00:00:00.000Z', '2020-10-16T00:00:00.000Z', '2020-10-16T00:00:00.000Z', '2020-10-16T00:00:00.000Z', '2020-10-16T00:00:00.000Z', '2020-10-16T00:00:00.000Z', '2020-10-30T00:00:00.000Z', '2020-10-30T00:00:00.000Z', '2020-10-30T00:00:00.000Z', '2020-10-30T00:00:00.000Z', '2020-11-13T00:00:00.000Z', '2020-11-20T00:00:00.000Z', '2020-11-20T00:00:00.000Z', '2020-11-20T00:00:00.000Z', '2020-11-27T00:00:00.000Z', '2020-12-04T00:00:00.000Z', '2020-12-04T00:00:00.000Z', '2020-12-04T00:00:00.000Z', '2020-12-09T00:00:00.000Z', '2020-12-04T00:00:00.000Z', '2020-12-04T00:00:00.000Z', '2020-12-19T00:00:00.000Z', '2020-12-19T00:00:00.000Z', '2020-12-25T00:00:00.000Z']",1702,52231718.0,50761383.0,-1470335.0,-2.8150232393274908,6066192.0,6073348.0,3840290.0,3840820.0,3500000.0,3600000.0,Has Tiktok
43,45,2021-01-21,Glow Up,IZŒõ,USQX91800798,,19169039.0,29,"['2018-05-03T00:00:00.000Z', '2018-11-01T00:00:00.000Z', '2019-03-14T00:00:00.000Z', '2019-04-12T00:00:00.000Z']",1702,52231718.0,50761383.0,-1470335.0,-2.8150232393274908,6066192.0,6073348.0,3840290.0,3840820.0,3500000.0,3600000.0,Has Tiktok
44,46,2021-01-21,Coffee for Your Head,Vinyll,QZFYZ2047397,,28696807.0,192,['2020-01-28T00:00:00.000Z'],3571518,955.0,945.0,-10.0,-1.0471204188481675,,,,,,,No Tiktok
45,47,2021-01-21,Mood,24kGoldn,USQX92003025,,30361159.0,137,"['2020-07-24T00:00:00.000Z', '2020-11-13T00:00:00.000Z', '2020-12-17T00:00:00.000Z']",1005525,40187430.0,40188185.0,755.0,0.0018786968960194767,777084.0,788994.0,44798.0,46188.0,3300000.0,3600000.0,Has Tiktok
46,48,2021-01-21,In The End - Mellen Gi Remix,Tommee Profitt,TCADO1871408,,18965480.0,142,"['2018-04-06T00:00:00.000Z', '2019-03-22T00:00:00.000Z', '2020-05-01T00:00:00.000Z', '2020-06-12T00:00:00.000Z', '2020-07-31T00:00:00.000Z', '2020-11-20T00:00:00.000Z']",491800,3142670.0,3103728.0,-38942.0,-1.2391374213646358,58953.0,59165.0,11911.0,11919.0,,,No Tiktok
47,49,2021-01-21,N√£o Fica Apaixonadinha,MC Lorenzo,QZMZ92045805,3.71428571428571,31769803.0,56,"['2020-08-31T00:00:00.000Z', '2020-10-28T00:00:00.000Z', '2020-10-28T00:00:00.000Z']",4003192,553473.0,518619.0,-34854.0,-6.297326156831498,,,,,,,No Tiktok
48,50,2021-01-21,Pump,VALENTINO KHAN,USZ4V1700087,,16090524.0,268,"['2017-05-26T00:00:00.000Z', '2017-06-02T00:00:00.000Z']",46206,2601175.0,2595526.0,-5649.0,-0.21717108614376196,277529.0,277077.0,111173.0,111100.0,32100.0,32300.0,Has Tiktok
49,52,2021-01-21,Run free,Deep Chills,NLYK91700007,,13646389.0,172,['2017-08-18T00:00:00.000Z'],71652,778242.0,775938.0,-2304.0,-0.2960518707548552,43320.0,43200.0,2029.0,2030.0,16900.0,17100.0,Has Tiktok
50,53,2021-01-21,Can We Kiss Forever?,kinabeats,QMPKX1823521,,20497349.0,107,['2018-08-31T00:00:00.000Z'],902878,9349759.0,9373125.0,23366.0,0.24991018485075392,144921.0,145209.0,3594.0,3623.0,124000.0,125800.0,Has Tiktok
51,54,2021-01-21,You Got It,Vedo,USUYG1299206,-1.85714285714286,28672165.0,156,"['2020-03-06T00:00:00.000Z', '2020-03-27T00:00:00.000Z']",195150,6308227.0,6319721.0,11494.0,0.1822065058850926,437774.0,438534.0,82544.0,82634.0,,,No Tiktok
52,56,2021-01-21,She Share Story (for Vlog),Â§ï‰æù,QZHN52089091,,29745716.0,210,['2020-06-02T00:00:00.000Z'],866374,1393539.0,1406346.0,12807.0,0.9190270240014811,8498.0,8533.0,10971.0,10977.0,,,No Tiktok
53,57,2021-01-21,"The Banjo Beat, Pt. 1",Ricky Desktop,QZK6L2004258,,31136030.0,74,['2020-08-21T00:00:00.000Z'],3667592,1822590.0,1823785.0,1195.0,0.0655660351477842,8521.0,8516.0,63.0,63.0,849500.0,850800.0,Has Tiktok
54,58,2021-01-21,Jedag Jedug,Dony     ??,FRZ041800793,-4.85714285714286,20438195.0,32,"['2018-08-24T00:00:00.000Z', '2018-09-24T00:00:00.000Z', '2018-11-02T00:00:00.000Z', '2018-11-02T00:00:00.000Z', '2019-10-25T00:00:00.000Z', '2019-05-24T00:00:00.000Z', '2019-10-25T00:00:00.000Z', '2019-10-25T00:00:00.000Z']",480386,12872109.0,12985344.0,113235.0,0.8796926750697962,2704208.0,2711238.0,1037000.0,1042067.0,1200000.0,1200000.0,Has Tiktok
55,59,2021-01-21,Classical Music,Classical Music,TCAAU1178628,-5.28571428571429,20877140.0,254,['2011-02-03T00:00:00.000Z'],141006,2505.0,2505.0,0.0,0.0,,,,,,,No Tiktok
56,60,2021-01-21,Surrender,Natalie Taylor,TCACJ1544888,,14341447.0,218,['2015-10-29T00:00:00.000Z'],164355,6585459.0,5944452.0,-641007.0,-9.733672322612593,40874.0,41071.0,16612.0,16600.0,253200.0,254000.0,Has Tiktok
57,61,2021-01-21,It's Tricky,RUN DMC,USAR18600005,1.7142857142857097,15051716.0,239,"['2010-04-30T00:00:00.000Z', '2002-09-10T00:00:00.000Z', '2012-10-30T00:00:00.000Z', '1999-12-31T00:00:00.000Z', '2009-03-26T00:00:00.000Z', '2011-04-08T00:00:00.000Z', '2015-01-09T00:00:00.000Z', '2011-07-01T00:00:00.000Z', '2013-06-21T00:00:00.000Z', '2010-10-22T00:00:00.000Z', '2003-10-28T00:00:00.000Z', '2011-06-03T00:00:00.000Z', '2007-05-05T00:00:00.000Z', '2013-07-12T00:00:00.000Z', '2013-12-13T00:00:00.000Z', '2012-10-30T00:00:00.000Z', '1984-01-01T00:00:00.000Z', '1984-01-01T00:00:00.000Z', '1990-01-01T00:00:00.000Z', '2013-01-01T00:00:00.000Z', '2015-03-20T00:00:00.000Z', '2010-01-01T00:00:00.000Z', '1986-05-15T00:00:00.000Z', '2002-08-19T00:00:00.000Z', '1986-05-15T00:00:00.000Z', '2015-07-10T00:00:00.000Z', '1986-05-15T00:00:00.000Z', '2006-04-28T00:00:00.000Z', '2009-12-25T00:00:00.000Z', '2008-08-04T00:00:00.000Z', '2009-12-28T00:00:00.000Z', '2013-07-23T00:00:00.000Z', '2002-09-10T00:00:00.000Z', '1986-05-15T00:00:00.000Z', '2019-04-19T00:00:00.000Z', '2019-01-18T00:00:00.000Z', '2012-10-30T00:00:00.000Z', '2002-09-10T00:00:00.000Z']",206566,6939997.0,6438339.0,-501658.0,-7.228504565635979,46987.0,47226.0,46818.0,46832.0,,,No Tiktok
58,62,2021-01-21,S√≥ Voc√™,L√©o Santana,BRUM72002593,,31157991.0,85,"['2020-08-28T00:00:00.000Z', '2020-09-18T00:00:00.000Z', '2020-09-18T00:00:00.000Z', '2020-09-18T00:00:00.000Z', '2020-09-25T00:00:00.000Z', '2020-09-29T00:00:00.000Z', '2020-10-30T00:00:00.000Z', '2020-11-20T00:00:00.000Z', '2020-12-04T00:00:00.000Z', '2020-12-04T00:00:00.000Z', '2020-12-04T00:00:00.000Z', '2020-12-04T00:00:00.000Z', '2020-12-04T00:00:00.000Z', '2020-12-04T00:00:00.000Z', '2020-12-04T00:00:00.000Z', '2020-12-04T00:00:00.000Z', '2020-12-04T00:00:00.000Z', '2020-12-11T00:00:00.000Z', '2020-12-11T00:00:00.000Z', '2021-01-15T00:00:00.000Z', '2021-01-15T00:00:00.000Z', '2021-01-22T00:00:00.000Z', '2021-01-22T00:00:00.000Z', '2021-01-22T00:00:00.000Z']",436314,4850060.0,4815335.0,-34725.0,-0.7159705240759908,15284469.0,15299601.0,2279.0,2285.0,1300000.0,1300000.0,Has Tiktok
59,63,2021-01-21,Stranger,CHUNNYT,USA2P1660778,,14806992.0,162,['2016-07-01T00:00:00.000Z'],429307,23.0,23.0,0.0,0.0,,,,,,,No Tiktok
60,64,2021-01-21,Nature's Beauty,Romero Lubambo,US4A70600575,,21680992.0,6,['2006-01-01T00:00:00.000Z'],187376,13199.0,13472.0,273.0,2.0683385104932195,,,295.0,295.0,,,No Tiktok
61,65,2021-01-21,Lullabies,Yuna,US4HB1200001,,14624824.0,138,"['2012-04-24T00:00:00.000Z', '2014-05-06T00:00:00.000Z', '2015-09-11T00:00:00.000Z', '2015-09-11T00:00:00.000Z', '2020-06-26T00:00:00.000Z', '2020-07-17T00:00:00.000Z', '2020-08-26T00:00:00.000Z', '2020-10-23T00:00:00.000Z', '2020-11-11T00:00:00.000Z', '2021-01-08T00:00:00.000Z']",3576,1825722.0,1835832.0,10110.0,0.5537535287409584,889300.0,889064.0,2480942.0,2481631.0,94500.0,98900.0,Has Tiktok
62,66,2021-01-21,Body,Megan Thee Stallion,QMCE32000683,,32021398.0,40,['2020-11-20T00:00:00.000Z'],788785,32370893.0,32343746.0,-27147.0,-0.08386237599314916,19170320.0,19355690.0,5503463.0,5597906.0,6100000.0,6200000.0,Has Tiktok
63,67,2021-01-21,Teach Me How To Dougie,Classics Reborn,USQY51330295,-1.42857142857143,15647122.0,62,['2013-02-08T00:00:00.000Z'],273773,4481.0,4498.0,17.0,0.3793796027672395,,,,,,,No Tiktok
64,68,2021-01-21,D√ÅKITI,Jhaycortez,QZGWX2053010,-0.42857142857142894,31974516.0,60,['2020-11-07T00:00:00.000Z'],726832,39173.0,40725.0,1552.0,3.9619125418017513,,,,,,,No Tiktok
65,69,2021-01-21, Fast,sueco the child,USAT21903003,,22958840.0,160,"['2019-05-10T00:00:00.000Z', '2019-05-31T00:00:00.000Z', '2019-06-25T00:00:00.000Z', '2019-09-20T00:00:00.000Z', '2020-06-26T00:00:00.000Z', '2020-08-06T00:00:00.000Z', '2020-11-07T00:00:00.000Z', '2020-11-07T00:00:00.000Z', '2020-12-11T00:00:00.000Z', '2020-12-18T00:00:00.000Z']",1451395,2266375.0,2253636.0,-12739.0,-0.5620870332579561,220907.0,220123.0,6760.0,6775.0,1700000.0,1700000.0,Has Tiktok
66,70,2021-01-21,Stranger,CHUNNYT,USA2P1660778,,14806992.0,190,['2016-07-01T00:00:00.000Z'],429307,23.0,23.0,0.0,0.0,,,,,,,No Tiktok
67,71,2021-01-21,Plastic,Unghetto Mathieu,USSM12003492,-2.85714285714286,29594536.0,90,['2020-05-29T00:00:00.000Z'],521606,650358.0,858800.0,208442.0,32.05034765467635,296686.0,298477.0,9039.0,9081.0,,,No Tiktok
68,72,2021-01-21,Summer Days,Martin Garrix,NLM5S1900528,,22886113.0,207,"['2019-04-25T00:00:00.000Z', '2019-07-10T00:00:00.000Z', '2019-07-05T00:00:00.000Z', '2019-10-23T00:00:00.000Z', '2020-06-19T00:00:00.000Z']",4516,21393487.0,21637834.0,244347.0,1.1421560215966664,16326247.0,16305984.0,8677437.0,8674927.0,398000.0,399600.0,Has Tiktok
69,73,2021-01-21,–Ø–≥–æ–¥–∞ –ú–∞–ª–∏–Ω–∫–∞,–•–ê–ë–ò–ë–ö–ê,RUA1D2064344,-4.0,32001549.0,64,['2020-11-17T00:00:00.000Z'],1032415,75952.0,82431.0,6479.0,8.530387613229408,,,,,,,No Tiktok
70,74,2021-01-21,Talk N Bout (Talm Bout),Loui,USLD91723597,,28260938.0,38,['2020-01-03T00:00:00.000Z'],3443703,259120.0,259120.0,0.0,0.0,180351.0,180416.0,797.0,800.0,,,No Tiktok
71,77,2021-01-21,BEB√â,Camilo,USSD12000562,-2.14285714285714,32076413.0,45,['2020-11-25T00:00:00.000Z'],1355995,25295699.0,25262751.0,-32948.0,-0.13025139174845493,19137228.0,19207568.0,1373590.0,1382841.0,19500000.0,20100000.0,Has Tiktok
72,79,2021-01-21,Mi Mujer Me Gobierna - En Vivo,La Banda Gorda,QM6N21824965,,23441160.0,85,['2018-10-26T00:00:00.000Z'],212207,341069.0,334016.0,-7053.0,-2.0679100123435434,,,,,,,No Tiktok
73,81,2021-01-21,oops!,Yung Gravy üçØ,USUM72019052,2.42857142857143,31524146.0,37,"['2020-10-02T00:00:00.000Z', '2020-10-02T00:00:00.000Z']",271148,4708347.0,5195474.0,487127.0,10.34603014603639,1385776.0,1392523.0,238219.0,239588.0,1700000.0,1800000.0,Has Tiktok
74,82,2021-01-21,Copines,Aya Nakamura,FRZ041800793,-0.14285714285714302,20438195.0,31,"['2018-08-24T00:00:00.000Z', '2018-09-24T00:00:00.000Z', '2018-11-02T00:00:00.000Z', '2018-11-02T00:00:00.000Z', '2019-10-25T00:00:00.000Z', '2019-05-24T00:00:00.000Z', '2019-10-25T00:00:00.000Z', '2019-10-25T00:00:00.000Z']",480386,12872109.0,12985344.0,113235.0,0.8796926750697962,2704208.0,2711238.0,1037000.0,1042067.0,1200000.0,1200000.0,Has Tiktok
75,83,2021-01-21,Whoopty,Real CJ,USA2P2031043,-0.5714285714285711,31140457.0,112,"['2020-08-20T00:00:00.000Z', '2020-11-06T00:00:00.000Z']",826529,16131290.0,16913912.0,782622.0,4.8515772762128755,260184.0,294344.0,1196.0,1217.0,,,No Tiktok
76,84,2021-01-21,Pussy Poppin,Rico Nasty,USAT22007431,24.0,32169718.0,9,['2020-12-04T00:00:00.000Z'],156043,3338175.0,3376513.0,38338.0,1.1484718446456523,1787132.0,1794168.0,679796.0,681682.0,1000000.0,1100000.0,Has Tiktok
77,86,2021-01-21,At My Worst,pinksweatsmusic,USAT22003823,0.14285714285714302,30211836.0,95,"['2020-07-17T00:00:00.000Z', '2020-12-04T00:00:00.000Z', '2020-12-11T00:00:00.000Z', '2020-12-19T00:00:00.000Z', '2020-12-19T00:00:00.000Z', '2021-01-06T00:00:00.000Z']",1118137,11731266.0,12057435.0,326169.0,2.780339308647507,434489.0,435119.0,45138.0,45129.0,631900.0,646000.0,Has Tiktok
78,89,2021-01-21,Astronaut In The Ocean,Masked Wolf,AUFXV1900105,2.85714285714286,23902934.0,64,['2019-06-07T00:00:00.000Z'],794053,1671439.0,1929790.0,258351.0,15.456800996027972,17088.0,17957.0,244.0,284.0,,,No Tiktok
79,90,2021-01-21,Funk da Netflix,Netflix Brasil,QZ8BZ1900519,1.85714285714286,24886077.0,69,['2019-08-16T00:00:00.000Z'],163514,2771760.0,2811668.0,39908.0,1.4398071983144283,21951.0,21867.0,154.0,155.0,,,No Tiktok
80,91,2021-01-21,Scooby Doo Pa Pa,IAmKass,TCADG1759991,-0.28571428571428603,16503674.0,26,"['2017-09-12T00:00:00.000Z', '2018-01-19T00:00:00.000Z', '2018-08-06T00:00:00.000Z', '2018-09-14T00:00:00.000Z', '2019-02-15T00:00:00.000Z']",485457,611259.0,600994.0,-10265.0,-1.6793208770750208,243007.0,242739.0,11015.0,11007.0,63600.0,63900.0,Has Tiktok
81,92,2021-01-21,Cabar√©,N√™go Jh√°¬©,QZMZ92059272,-1.42857142857143,31488707.0,34,['2020-09-07T00:00:00.000Z'],3964419,789840.0,873788.0,83948.0,10.628481717816268,,,,,,,No Tiktok
82,93,2021-01-21,Mungkin Hari Ini Esok Atau Nanti,Anneth,FRX872024128,10.5714285714286,31733715.0,45,['2020-10-20T00:00:00.000Z'],912391,1651899.0,1704194.0,52295.0,3.1657504484233,,,,,,,No Tiktok
83,94,2021-01-21,Among Us,Sembari +,QZNWQ2008975,-0.42857142857142894,31876320.0,42,['2020-11-01T00:00:00.000Z'],3824540,75541.0,73495.0,-2046.0,-2.7084629538925884,,,,,,,No Tiktok
84,95,2021-01-21,Casal Bem Louco,MC Marks,BRRGE1810075,14.0,20499461.0,28,['2018-08-31T00:00:00.000Z'],649592,2818452.0,2722259.0,-96193.0,-3.412972794995267,,,365.0,365.0,,,No Tiktok
85,96,2021-01-21,I Am (feat. Flo Milli),Yung Baby Tate,QZ5FA2050544,10.4285714285714,32149829.0,15,['2020-12-04T00:00:00.000Z'],749151,2207264.0,2519018.0,311754.0,14.124001478753787,109497.0,112698.0,45947.0,46851.0,122900.0,128300.0,Has Tiktok
86,97,2021-01-21,"Rasputin (7"" Version)",Boney M.,DEC730800009,64.4285714285714,11461430.0,36,"['2008-05-12T00:00:00.000Z', '2010-07-30T00:00:00.000Z', '2009-01-01T00:00:00.000Z']",735,9888896.0,9044130.0,-844766.0,-8.542571385117206,4007.0,4034.0,8503.0,8501.0,,,No Tiktok
87,98,2021-01-21,≈ûeytan diyor ki (Slow Version),Cansever,USCGJ2085352,18.1428571428571,28937236.0,13,['2020-03-17T00:00:00.000Z'],317562,305929.0,318108.0,12179.0,3.980989053015569,,,0.0,0.0,,,No Tiktok
88,100,2021-01-21,Copines,We.Wibu,FRZ041800793,-2.42857142857143,20438195.0,35,"['2018-08-24T00:00:00.000Z', '2018-09-24T00:00:00.000Z', '2018-11-02T00:00:00.000Z', '2018-11-02T00:00:00.000Z', '2019-10-25T00:00:00.000Z', '2019-05-24T00:00:00.000Z', '2019-10-25T00:00:00.000Z', '2019-10-25T00:00:00.000Z']",480386,12872109.0,12985344.0,113235.0,0.8796926750697962,2704208.0,2711238.0,1037000.0,1042067.0,1200000.0,1200000.0,Has Tiktok
